[
{
  "_id": {
    "$oid": "64916da37f8a6ac611905603"
  },
  "watchName": "Promaster Sea Automatic Black Dial Men's Watch",
  "price": 209,
  "watchDescription": "Silver-tone stainless steel case with a black rubber strap. Silver-tone stainless steel bezel. Black dial with luminous white hands and dots-dots hour markers. Minute markers around the outer rim. Dial Type: Analog. Luminescent hands and markers. Day of the week and date display at the 3 o'clock position. Automatic movement with a 45-hour power reserve. Scratch resistant mineral crystal. Screw down crown. Solid case back. Round case shape, case size: 42 mm, case thickness: 12 mm. Band width: 20 mm. Tang clasp. Water resistant at 200 meters / 660 feet",
  "automatic": true,
  "image": "https://cdn2.jomashop.com/media/catalog/product/cache/fde19e4197824625333be074956e7640/c/i/citizen-promaster-sea-automatic-black-dial-mens-watch-ny004009e.jpg?width=546&height=546",
  "brand": {
    "$oid": "64916be07f8a6ac6119055fe"
  }
},
{
  "_id": {
    "$oid": "64916de77f8a6ac611905607"
  },
  "name": "Eco Drive Blue Angels Chronograph Men's Watch",
  "price": 362,
  "description": "Soft Stuffed Toy Gift for Little Girls, Baby, Toddlers and pre-School KidsStainless steel case with a stainless steel bracelet. Fixed blue ion-plated bezel. Blue dial with luminous hands and index hour markers. Minute markers. World time cities. Navigation calculator markings around the outer rim. Dial Type: Analog. Luminescent hands and markers. Date display at the 3 o'clock position. Three sub-dials displaying: 60 second, 24 hour and dual 1/100th of a second/day of the week. Eco-Drive H800 Atomic Timekeeping Radio Controlled eco-drive movement.",
  "automatic": false,
  "image": "https://m.media-amazon.com/images/I/61tsQNvH-CL._AC_SX569_.jpghttps://cdn2.jomashop.com/media/catalog/product/cache/fde19e4197824625333be074956e7640/c/i/citizen-eco-drive-blue-angels-chronograph-mens-watch-at802054l.jpg?width=546&height=546",
  "brand": {
    "$oid": "64916be07f8a6ac6119055fe"
  }
},
{
  "_id": {
    "$oid": "64916e0b7f8a6ac61190560a"
  },
  "name": "Chemin Des Tourelles Automatic Men's Watch",
  "price": 399,
  "description": "Rose gold PVD stainless steel case with a brown leather strap. Fixed rose gold PVD bezel. Silver dial with rose gold-tone alpha-style hands and index hour markers. Roman numerals mark the 3, 6, 9 and 12 o'clock positions. Minute markers around an inner ring. Dial Type: Analog. Date display at the 6 o'clock position. Tissot calibre Powermatic 80 (C07.111) automatic movement, based upon ETA 2824-2, containing 23 Jewels, bitting at 21600 vph, and has a power reserve of approximately 80 hours",
  "automatic": true,
  "image": "https://cdn2.jomashop.com/media/catalog/product/cache/fde19e4197824625333be074956e7640/t/i/tissot-chemin-des-tourelles-automatic-men_s-watch-t099.408.36.038.00.jpg?width=546&height=546",
  "brand": {
    "$oid": "64916b697f8a6ac6119055fc"
  }
},
{
  "_id": {
    "$oid": "64916e727f8a6ac611905610"
  },
  "name": "Le Locle Powermatic 80 Automatic Men's Watch",
    "price": 412,
    "description": "Stainless steel case with a black leather strap. Fixed stainless steel bezel. Black dial with grey leaf-style hands and Roman numeral hour markers. Minute markers around the outer rim. Dial Type: Analog. Date display at the 3 o'clock position. Tissot calibre Powermatic 80 (C07.111) automatic movement, based upon ETA 2824-2, containing 23 Jewels, bitting at 21600 vph, and has a power reserve of approximately 80 hours. Scratch resistant sapphire crystal. Pull / push crown. ",
    "automatic": true,
    "image": "https://cdn2.jomashop.com/media/catalog/product/cache/fde19e4197824625333be074956e7640/t/i/tissot-le-locle-powermatic-80-automatic-black-dial-men_s-watch-t0064071605300.jpg?width=546&height=546",
  "brand": {
    "$oid": "64916b697f8a6ac6119055fc"
  }
},
{
  "_id": {
    "$oid": "64916ea17f8a6ac611905612"
  },
  "name": "Townsman Auto Automatic Black Dial Men's Watch",
    "price": 143,
    "description": "Smoke stainless steel case and bracelet. Fixed smoke stainless steel bezel. Black dial with silver-tone hands and index and Roman numeral markers at the 3,6,9 and 12 o' clock positions hour markers. Minute markers. Arabic numeral minute markers (at 5 minute intervals) around the outer rim. Dial Type: Analog. Automatic movement. Scratch resistant mineral crystal. Pull / push crown. Transparent case back",
    "automatic": false,
    "image": "https://cdn2.jomashop.com/media/catalog/product/cache/fde19e4197824625333be074956e7640/f/o/fossil-townsman-auto-automatic-black-dial-mens-watch-me3172.jpg?width=546&height=546",
  "brand": {
    "$oid": "64916c557f8a6ac611905600"
  }
},
{
  "_id": {
    "$oid": "64916f047f8a6ac611905616"
  },
  "name": "Townsman Chronograph Brown Satin Dial Men's Watch",
  "price": 89,
  "description": "Black ion-plated stainless steel case with a brown leather strap. Fixed black ion-plated bezel. Brown satin dial with luminous rose gold-tone hands and index hour markers. Minute markers around the outer rim. Dial Type: Analog. Luminescent hands and markers. Chronograph - two sub-dials displaying: 60 second and 60 minute.",
  "automatic": false,
  "image": "https://cdn2.jomashop.com/media/catalog/product/cache/fde19e4197824625333be074956e7640/f/o/fossil-townsman-chronograph-brown-satin-dial-mens-watch-fs5437.jpg?width=546&height=546",
  "brand": {
    "$oid": "64916c557f8a6ac611905600"
  }
},
{
  "_id": {
    "$oid": "64916f317f8a6ac611905619"
  },
    "name": "Essentials Quartz White Dial Unisex Watch",
    "price": 129,
    "description":"Yellow gold-tone stainless steel case with a black (croco-embossed) leather strap. Fixed yellow gold-tone stainless steel bezel. White dial with black hands and Roman numeral hour markers. Minute markers around an inner ring. Dial Type: Analog. Caliber 4N30 quartz movement. Scratch resistant Hardlex crystal. Pull / push crown. Solid case back.",
    "automatic": false,
    "image": "https://cdn2.jomashop.com/media/catalog/product/cache/fde19e4197824625333be074956e7640/s/e/seiko-quartz-white-dial-black-leather-mens-watch-swr052.jpg?width=546&height=546",
   
  "brand": {
    "$oid": "64916b3b7f8a6ac6119055fa"
  }
},
{
  "_id": {
    "$oid": "64916f877f8a6ac61190561d"
  },
  "name": "Quartz White Dial Black Leather Ladies Watch",
  "price": 139,
  "description":"Gold-tone stainless steel case with a black leather strap. Fixed gold-tone bezel. White dial with black hands and Roman numeral hour markers. Minute markers around an inner ring. Dial Type: Analog. Quartz movement. Scratch resistant Hardlex crystal. Pull / push crown. Solid case back. Rectangle case shape",
  "automatic": true,
  "image": "https://cdn2.jomashop.com/media/catalog/product/cache/fde19e4197824625333be074956e7640/s/e/seiko-quartz-white-dial-black-leather-ladies-watch-swr054.jpg?width=546&height=546",
  "brand": {
    "$oid": "64916b3b7f8a6ac6119055fa"
  }
}
]