[{
  "_id": {
    "$oid": "652c1cd546a765d027fb163c"
  },
  "title": "Internet of Things (IoT) Tutorial",
  "author": "David Packer",
  "images": [
    {
      "_id": {
        "$oid": "652c1cd546a765d027fb163e"
      },
      "url": "/images/iot.png",
      "caption": "IoT Tutorial"
    },
    {
      "_id": {
        "$oid": "652c1cd546a765d027fb163f"
      },
      "url": "/images/iot1.png",
      "caption": "IoT Tutorial - 1"
    },
    {
      "_id": {
        "$oid": "652c1cd546a765d027fb1640"
      },
      "url": "/images/iot2.png",
      "caption": "IoT Tutorial - 2"
    }
  ],
  "comments": [
    {
      "$oid": "652cc6cd83c0aab446fd6a06"
    },
    {
      "$oid": "652cc74483c0aab446fd6a09"
    },
    {
      "$oid": "652d0ef49ed9c1135a182070"
    },
    {
      "$oid": "652d55f19ed9c1135a182073"
    },
    {
      "$oid": "652f56e115b3bb0409ed8b96"
    }
  ],
  "category": {
    "$oid": "652c04a6b766198f0e43c605"
  },
  "tags": [],
  "__v": 0
},
{
  "_id": {
    "$oid": "652d5d4ff62b46d103dca719"
  },
  "title": "Advanced Excel Charts Tutorial",
  "author": "John Chris",
  "images": [
    {
      "_id": {
        "$oid": "652d5d4ff62b46d103dca71b"
      },
      "url": "/images/excel.png",
      "caption": "Excel Charts"
    },
    {
      "_id": {
        "$oid": "652d5d4ff62b46d103dca71c"
      },
      "url": "/images/excel1.png",
      "caption": "Excel Charts - 1"
    },
    {
      "_id": {
        "$oid": "652d5d4ff62b46d103dca71d"
      },
      "url": "/images/excel2.png",
      "caption": "Excel Charts - 2"
    }
  ],
  "comments": [],
  "category": {
    "$oid": "652c0558b766198f0e43c607"
  },
  "tags": [],
  "__v": 0
},
{
  "_id": {
    "$oid": "652d5e049530528e3bd2bee5"
  },
  "title": "Hadoop Tutorial",
  "author": "ThoPN",
  "images": [
    {
      "_id": {
        "$oid": "652d5e049530528e3bd2bee7"
      },
      "url": "/images/hadoop.png",
      "caption": "Hadoop - 1"
    },
    {
      "_id": {
        "$oid": "652d5e049530528e3bd2bee8"
      },
      "url": "/images/hadoop1.png",
      "caption": "Hadoop - 2"
    }
  ],
  "comments": [],
  "category": {
    "$oid": "652c0558b766198f0e43c607"
  },
  "tags": [],
  "__v": 0
},
{
  "_id": {
    "$oid": "652d6235377cdf80de632f6b"
  },
  "title": "Google Charts Tutorial",
  "author": "Teddy Walker",
  "images": [
    {
      "_id": {
        "$oid": "652d6235377cdf80de632f6d"
      },
      "url": "/images/google.png",
      "caption": "Google"
    },
    {
      "_id": {
        "$oid": "652d6235377cdf80de632f6e"
      },
      "url": "/images/google1.png",
      "caption": "Google - 1"
    },
    {
      "_id": {
        "$oid": "652d6235377cdf80de632f6f"
      },
      "url": "/images/google2.png",
      "caption": "Google - 2"
    },
    {
      "_id": {
        "$oid": "652d6235377cdf80de632f70"
      },
      "url": "/images/google3.png",
      "caption": "Google - 3"
    },
    {
      "_id": {
        "$oid": "652d6235377cdf80de632f71"
      },
      "url": "/images/google4.png",
      "caption": "Google - 4"
    }
  ],
  "comments": [
    {
      "$oid": "652d6307377cdf80de632f7c"
    },
    {
      "$oid": "652d63d73d7d8f13fbaa4a02"
    }
  ],
  "category": {
    "$oid": "652c0578b766198f0e43c609"
  },
  "tags": [],
  "__v": 0
},
{
  "_id": {
    "$oid": "652d7a44e4360e5407dcaaee"
  },
  "title": "Apache Storm Tutorial",
  "author": "Teddy Walker",
  "images": [
    {
      "_id": {
        "$oid": "652d6235377cdf80de632f6d"
      },
      "url": "/images/apachestorm.png",
      "caption": "Apache Storm"
    },
    {
      "_id": {
        "$oid": "652d6235377cdf80de632f6e"
      },
      "url": "/images/apache.png",
      "caption": "Apache Storm- 1"
    },
    {
      "_id": {
        "$oid": "652d6235377cdf80de632f6f"
      },
      "url": "/images/google2.png",
      "caption": "Google - 2"
    },
    {
      "_id": {
        "$oid": "652d6235377cdf80de632f70"
      },
      "url": "/images/google3.png",
      "caption": "Google - 3"
    },
    {
      "_id": {
        "$oid": "652d6235377cdf80de632f71"
      },
      "url": "/images/google4.png",
      "caption": "Google - 4"
    }
  ],
  "comments": [
    {
      "$oid": "652d6307377cdf80de632f7c"
    },
    {
      "$oid": "652d63d73d7d8f13fbaa4a02"
    }
  ],
  "category": {
    "$oid": "652c0578b766198f0e43c609"
  },
  "tags": [],
  "__v": 0
},
{
  "_id": {
    "$oid": "652d7a51e4360e5407dcaaef"
  },
  "title": "Learn Power BA",
  "author": "John Chris",
  "images": [
    {
      "_id": {
        "$oid": "652d6235377cdf80de632f6d"
      },
      "url": "/images/powerba.png",
      "caption": "Learn Power BA"
    },
    {
      "_id": {
        "$oid": "652d6235377cdf80de632f6e"
      },
      "url": "/images/bigdata.png",
      "caption": "Big Data Analytic - 1"
    },
    {
      "_id": {
        "$oid": "652d6235377cdf80de632f6f"
      },
      "url": "/images/google2.png",
      "caption": "Google - 2"
    },
    {
      "_id": {
        "$oid": "652d6235377cdf80de632f70"
      },
      "url": "/images/google3.png",
      "caption": "Google - 3"
    },
    {
      "_id": {
        "$oid": "652d6235377cdf80de632f71"
      },
      "url": "/images/google4.png",
      "caption": "Google - 4"
    }
  ],
  "comments": [
    {
      "$oid": "652d6307377cdf80de632f7c"
    },
    {
      "$oid": "652d63d73d7d8f13fbaa4a02"
    }
  ],
  "category": {
    "$oid": "652c0578b766198f0e43c609"
  },
  "tags": [],
  "__v": 0
},
{
  "_id": {
    "$oid": "652d7a54e4360e5407dcaaf0"
  },
  "title": "Kibana Tutorial",
  "author": "Captain American",
  "images": [
    {
      "_id": {
        "$oid": "652d6235377cdf80de632f6d"
      },
      "url": "/images/kibana.png",
      "caption": "Kibana Tutorial"
    },
    {
      "_id": {
        "$oid": "652d6235377cdf80de632f6e"
      },
      "url": "/images/powerba.png",
      "caption": "Power BA - 1"
    },
    {
      "_id": {
        "$oid": "652d6235377cdf80de632f6f"
      },
      "url": "/images/google2.png",
      "caption": "Google - 2"
    },
    {
      "_id": {
        "$oid": "652d6235377cdf80de632f70"
      },
      "url": "/images/google3.png",
      "caption": "Google - 3"
    },
    {
      "_id": {
        "$oid": "652d6235377cdf80de632f71"
      },
      "url": "/images/google4.png",
      "caption": "Google - 4"
    }
  ],
  "comments": [
    {
      "$oid": "652d6307377cdf80de632f7c"
    },
    {
      "$oid": "652d63d73d7d8f13fbaa4a02"
    }
  ],
  "category": {
    "$oid": "652c0578b766198f0e43c609"
  },
  "tags": [],
  "__v": 0
},
{
  "_id": {
    "$oid": "652d7a58e4360e5407dcaaf1"
  },
  "title": "Big Data Analytics",
  "author": "Teddy Walker",
  "images": [
    {
      "_id": {
        "$oid": "652d6235377cdf80de632f6d"
      },
      "url": "/images/bigdata.png",
      "caption": "Big Data Analytics"
    },
    {
      "_id": {
        "$oid": "652d6235377cdf80de632f6e"
      },
      "url": "/images/splunk.png",
      "caption": "Splunk - 1"
    },
    {
      "_id": {
        "$oid": "652d6235377cdf80de632f6f"
      },
      "url": "/images/google2.png",
      "caption": "Google - 2"
    },
    {
      "_id": {
        "$oid": "652d6235377cdf80de632f70"
      },
      "url": "/images/google3.png",
      "caption": "Google - 3"
    },
    {
      "_id": {
        "$oid": "652d6235377cdf80de632f71"
      },
      "url": "/images/google4.png",
      "caption": "Google - 4"
    }
  ],
  "comments": [
    {
      "$oid": "652d6307377cdf80de632f7c"
    },
    {
      "$oid": "652d63d73d7d8f13fbaa4a02"
    }
  ],
  "category": {
    "$oid": "652c0578b766198f0e43c609"
  },
  "tags": [],
  "__v": 0
}]