[{
  "_id": {
    "$oid": "652c1cd546a765d027fb163e"
  },
  "path": "/sites/images/iot.png",
  "url": "/images/iot.png",
  "caption": "IoT Tutorial",
  "createAt": {
    "$date": "2023-10-15T17:09:41.945Z"
  },
  "__v": 0
},
{
  "_id": {
    "$oid": "652c1cd546a765d027fb163f"
  },
  "path": "/sites/images/iot1.png",
  "url": "/images/iot1.png",
  "caption": "IoT Tutorial - 1",
  "createAt": {
    "$date": "2023-10-15T17:09:41.946Z"
  },
  "__v": 0
},
{
  "_id": {
    "$oid": "652c1cd546a765d027fb1640"
  },
  "path": "/sites/images/iot2.png",
  "url": "/images/iot2.png",
  "caption": "IoT Tutorial - 2",
  "createAt": {
    "$date": "2023-10-15T17:09:41.948Z"
  },
  "__v": 0
},
{
  "_id": {
    "$oid": "652d5d4ff62b46d103dca71b"
  },
  "path": "/sites/images/excel.png",
  "url": "/images/excel.png",
  "caption": "Excel Charts",
  "createAt": {
    "$date": "2023-10-16T15:57:03.674Z"
  },
  "__v": 0
},
{
  "_id": {
    "$oid": "652d5d4ff62b46d103dca71c"
  },
  "path": "/sites/images/excel1.png",
  "url": "/images/excel1.png",
  "caption": "Excel Charts - 1",
  "createAt": {
    "$date": "2023-10-16T15:57:03.676Z"
  },
  "__v": 0
},
{
  "_id": {
    "$oid": "652d5d4ff62b46d103dca71d"
  },
  "path": "/sites/images/excel2.png",
  "url": "/images/excel2.png",
  "caption": "Excel Charts - 2",
  "createAt": {
    "$date": "2023-10-16T15:57:03.676Z"
  },
  "__v": 0
},
{
  "_id": {
    "$oid": "652d5e049530528e3bd2bee7"
  },
  "path": "/sites/images/hadoop.png",
  "url": "/images/hadoop.png",
  "caption": "Hadoop - 1",
  "createAt": {
    "$date": "2023-10-16T16:00:04.473Z"
  },
  "__v": 0
},
{
  "_id": {
    "$oid": "652d5e049530528e3bd2bee8"
  },
  "path": "/sites/images/hadoop1.png",
  "url": "/images/hadoop1.png",
  "caption": "Hadoop - 2",
  "createAt": {
    "$date": "2023-10-16T16:00:04.473Z"
  },
  "__v": 0
},
{
  "_id": {
    "$oid": "652d6235377cdf80de632f6d"
  },
  "path": "/sites/images/google.png",
  "url": "/images/google.png",
  "caption": "Google",
  "createAt": {
    "$date": "2023-10-16T16:17:57.790Z"
  },
  "__v": 0
},
{
  "_id": {
    "$oid": "652d6235377cdf80de632f6e"
  },
  "path": "/sites/images/google1.png",
  "url": "/images/google1.png",
  "caption": "Google - 1",
  "createAt": {
    "$date": "2023-10-16T16:17:57.791Z"
  },
  "__v": 0
},
{
  "_id": {
    "$oid": "652d6235377cdf80de632f6f"
  },
  "path": "/sites/images/google2.png",
  "url": "/images/google2.png",
  "caption": "Google - 2",
  "createAt": {
    "$date": "2023-10-16T16:17:57.791Z"
  },
  "__v": 0
},
{
  "_id": {
    "$oid": "652d6235377cdf80de632f70"
  },
  "path": "/sites/images/google3.png",
  "url": "/images/google3.png",
  "caption": "Google - 3",
  "createAt": {
    "$date": "2023-10-16T16:17:57.792Z"
  },
  "__v": 0
},
{
  "_id": {
    "$oid": "652d6235377cdf80de632f71"
  },
  "path": "/sites/images/google4.png",
  "url": "/images/google4.png",
  "caption": "Google - 4",
  "createAt": {
    "$date": "2023-10-16T16:17:57.792Z"
  },
  "__v": 0
}]